id,class,class_name,rank,rank_name,kind,kind_name,item_kind,item_name,annual_amount
1,1,貧困層,1,200万円,1,通信,1,ｽﾏｰﾄﾌｫﾝなどの通信・通話使用料（携帯電話・PHSなどを含む）,127968
2,1,貧困層,1,200万円,1,通信,2,インターネット接続料,27936
3,1,貧困層,1,200万円,1,通信,3,ｽﾏｰﾄﾌｫﾝ・携帯電話・PHSの本体価格,8424
4,1,貧困層,1,200万円,2,旅行関係,4,航空運賃,6984
5,1,貧困層,1,200万円,2,旅行関係,5,宿泊料,12012
6,1,貧困層,1,200万円,2,旅行関係,6,パック旅行費（国内）,16572
7,1,貧困層,1,200万円,2,旅行関係,7,パック旅行費（外国）,7404
8,1,貧困層,1,200万円,3,教育&教育娯楽,8,私立授業料等（幼稚園～大学、専修学校）,39396
9,1,貧困層,1,200万円,3,教育&教育娯楽,9,補習教育費,11544
10,1,貧困層,1,200万円,3,教育&教育娯楽,10,自動車教習料,3288
11,1,貧困層,1,200万円,3,教育&教育娯楽,11,スポーツ施設使用料,4128
12,1,貧困層,1,200万円,4,衣類等,12,背広服,2412
13,1,貧困層,1,200万円,4,衣類等,13,婦人用スーツ･ワンピース,5448
14,1,貧困層,1,200万円,4,衣類等,14,和服（男子用･婦人用）,612
15,1,貧困層,1,200万円,4,衣類等,15,腕時計,1776
16,1,貧困層,1,200万円,4,衣類等,16,装身具（アクセサリー類）,2760
17,1,貧困層,1,200万円,5,医療,17,出産入院料,672
18,1,貧困層,1,200万円,5,医療,18,出産以外の入院料,20148
19,1,貧困層,1,200万円,5,医療,19,たんす,684
20,1,貧困層,1,200万円,6,家具等,20,ベッド,1404
21,1,貧困層,1,200万円,6,家具等,21,布団,2928
22,1,貧困層,1,200万円,6,家具等,22,机･いす（事務用･学習用）,1116
23,1,貧困層,1,200万円,6,家具等,23,食器戸棚,720
24,1,貧困層,1,200万円,6,家具等,24,食卓セット,1020
25,1,貧困層,1,200万円,6,家具等,25,応接セット,456
26,1,貧困層,1,200万円,6,家具等,26,楽器（部品を含む）,528
27,1,貧困層,1,200万円,7,家電等,27,冷蔵庫,5352
28,1,貧困層,1,200万円,7,家電等,28,掃除機,2832
29,1,貧困層,1,200万円,7,家電等,29,洗濯機,4872
30,1,貧困層,1,200万円,7,家電等,30,エアコン,9180
31,1,貧困層,1,200万円,7,家電等,31,パソコン（ﾀﾌﾞﾚｯﾄ型を含む。周辺機器・ｿﾌﾄは除く）,5256
32,1,貧困層,1,200万円,7,家電等,32,テレビ,6648
33,1,貧困層,1,200万円,7,家電等,33,ビデオデッキ,1836
34,1,貧困層,1,200万円,7,家電等,34,ゲーム機（ソフトは除く）,1368
35,1,貧困層,1,200万円,7,家電等,35,カメラ（交換ﾚﾝｽﾞのみを含む。使い捨てのｶﾒﾗは除く）,1092
36,1,貧困層,1,200万円,7,家電等,36,ビデオカメラ,684
37,1,貧困層,1,200万円,8,住宅関係,37,家屋に関する設備費･工事費･修理費,51840
38,1,貧困層,1,200万円,8,住宅関係,38,給排水関係工事費,15936
39,1,貧困層,1,200万円,8,住宅関係,39,庭・植木の手入れ代,2268
40,1,貧困層,1,200万円,9,自動車等関係,40,自動車（新車）,99924
41,1,貧困層,1,200万円,9,自動車等関係,41,自動車（中古車）,51168
42,1,貧困層,1,200万円,9,自動車等関係,42,自動車保険料（自賠責）,9072
43,1,貧困層,1,200万円,9,自動車等関係,43,自動車保険料（任意）,28692
44,1,貧困層,1,200万円,9,自動車等関係,44,自動車以外の原動機付輸送機器,1860
45,1,貧困層,1,200万円,9,自動車等関係,45,自動車整備費,36936
46,1,貧困層,1,200万円,10,その他,46,挙式･披露宴費用,9936
47,1,貧困層,1,200万円,10,その他,47,葬儀･法事費用,34128
48,1,貧困層,1,200万円,10,その他,48,信仰関係費,13680
49,1,貧困層,1,200万円,10,その他,49,仕送り金,11004
50,1,貧困層,1,200万円,11,税金,50,納税額,212336
51,1,貧困層,1,200万円,12,家賃,51,家賃,504000
52,2,マイルド貧困層,2,300万円,1,通信,1,ｽﾏｰﾄﾌｫﾝなどの通信・通話使用料（携帯電話・PHSなどを含む）,144420
53,2,マイルド貧困層,2,300万円,1,通信,2,インターネット接続料,35220
54,2,マイルド貧困層,2,300万円,1,通信,3,ｽﾏｰﾄﾌｫﾝ・携帯電話・PHSの本体価格,10836
55,2,マイルド貧困層,2,300万円,2,旅行関係,4,航空運賃,6984
56,2,マイルド貧困層,2,300万円,2,旅行関係,5,宿泊料,12012
57,2,マイルド貧困層,2,300万円,2,旅行関係,6,パック旅行費（国内）,16572
58,2,マイルド貧困層,2,300万円,2,旅行関係,7,パック旅行費（外国）,7404
59,2,マイルド貧困層,2,300万円,3,教育&教育娯楽,8,私立授業料等（幼稚園～大学、専修学校）,39396
60,2,マイルド貧困層,2,300万円,3,教育&教育娯楽,9,補習教育費,11544
61,2,マイルド貧困層,2,300万円,3,教育&教育娯楽,10,自動車教習料,3288
62,2,マイルド貧困層,2,300万円,3,教育&教育娯楽,11,スポーツ施設使用料,4128
63,2,マイルド貧困層,2,300万円,4,衣類等,12,背広服,2412
64,2,マイルド貧困層,2,300万円,4,衣類等,13,婦人用スーツ･ワンピース,5448
65,2,マイルド貧困層,2,300万円,4,衣類等,14,和服（男子用･婦人用）,612
66,2,マイルド貧困層,2,300万円,4,衣類等,15,腕時計,1776
67,2,マイルド貧困層,2,300万円,4,衣類等,16,装身具（アクセサリー類）,2760
68,2,マイルド貧困層,2,300万円,5,医療,17,出産入院料,672
69,2,マイルド貧困層,2,300万円,5,医療,18,出産以外の入院料,20148
70,2,マイルド貧困層,2,300万円,5,医療,19,たんす,684
71,2,マイルド貧困層,2,300万円,6,家具等,20,ベッド,1404
72,2,マイルド貧困層,2,300万円,6,家具等,21,布団,2928
73,2,マイルド貧困層,2,300万円,6,家具等,22,机･いす（事務用･学習用）,1116
74,2,マイルド貧困層,2,300万円,6,家具等,23,食器戸棚,720
75,2,マイルド貧困層,2,300万円,6,家具等,24,食卓セット,1020
76,2,マイルド貧困層,2,300万円,6,家具等,25,応接セット,456
77,2,マイルド貧困層,2,300万円,6,家具等,26,楽器（部品を含む）,528
78,2,マイルド貧困層,2,300万円,7,家電等,27,冷蔵庫,5352
79,2,マイルド貧困層,2,300万円,7,家電等,28,掃除機,2832
80,2,マイルド貧困層,2,300万円,7,家電等,29,洗濯機,4872
81,2,マイルド貧困層,2,300万円,7,家電等,30,エアコン,9180
82,2,マイルド貧困層,2,300万円,7,家電等,31,パソコン（ﾀﾌﾞﾚｯﾄ型を含む。周辺機器・ｿﾌﾄは除く）,5256
83,2,マイルド貧困層,2,300万円,7,家電等,32,テレビ,6648
84,2,マイルド貧困層,2,300万円,7,家電等,33,ビデオデッキ,1836
85,2,マイルド貧困層,2,300万円,7,家電等,34,ゲーム機（ソフトは除く）,1368
86,2,マイルド貧困層,2,300万円,7,家電等,35,カメラ（交換ﾚﾝｽﾞのみを含む。使い捨てのｶﾒﾗは除く）,1092
87,2,マイルド貧困層,2,300万円,7,家電等,36,ビデオカメラ,684
88,2,マイルド貧困層,2,300万円,8,住宅関係,37,家屋に関する設備費･工事費･修理費,51840
89,2,マイルド貧困層,2,300万円,8,住宅関係,38,給排水関係工事費,15936
90,2,マイルド貧困層,2,300万円,8,住宅関係,39,庭・植木の手入れ代,2268
91,2,マイルド貧困層,2,300万円,9,自動車等関係,40,自動車（新車）,99924
92,2,マイルド貧困層,2,300万円,9,自動車等関係,41,自動車（中古車）,51168
93,2,マイルド貧困層,2,300万円,9,自動車等関係,42,自動車保険料（自賠責）,9072
94,2,マイルド貧困層,2,300万円,9,自動車等関係,43,自動車保険料（任意）,28692
95,2,マイルド貧困層,2,300万円,9,自動車等関係,44,自動車以外の原動機付輸送機器,1860
96,2,マイルド貧困層,2,300万円,9,自動車等関係,45,自動車整備費,36936
97,2,マイルド貧困層,2,300万円,10,その他,46,挙式･披露宴費用,9936
98,2,マイルド貧困層,2,300万円,10,その他,47,葬儀･法事費用,34128
99,2,マイルド貧困層,2,300万円,10,その他,48,信仰関係費,13680
100,2,マイルド貧困層,2,300万円,10,その他,49,仕送り金,11004
101,2,マイルド貧困層,2,300万円,11,税金,50,納税額,331465
102,2,マイルド貧困層,2,300万円,12,家賃,51,家賃,756000
103,2,マイルド貧困層,3,400万円,1,通信,1,ｽﾏｰﾄﾌｫﾝなどの通信・通話使用料（携帯電話・PHSなどを含む）,164532
104,2,マイルド貧困層,3,400万円,1,通信,2,インターネット接続料,43788
105,2,マイルド貧困層,3,400万円,1,通信,3,ｽﾏｰﾄﾌｫﾝ・携帯電話・PHSの本体価格,10692
106,2,マイルド貧困層,3,400万円,2,旅行関係,4,航空運賃,6732
107,2,マイルド貧困層,3,400万円,2,旅行関係,5,宿泊料,14784
108,2,マイルド貧困層,3,400万円,2,旅行関係,6,パック旅行費（国内）,15396
109,2,マイルド貧困層,3,400万円,2,旅行関係,7,パック旅行費（外国）,9888
110,2,マイルド貧困層,3,400万円,3,教育&教育娯楽,8,私立授業料等（幼稚園～大学、専修学校）,53568
111,2,マイルド貧困層,3,400万円,3,教育&教育娯楽,9,補習教育費,18732
112,2,マイルド貧困層,3,400万円,3,教育&教育娯楽,10,自動車教習料,4512
113,2,マイルド貧困層,3,400万円,3,教育&教育娯楽,11,スポーツ施設使用料,6552
114,2,マイルド貧困層,3,400万円,4,衣類等,12,背広服,3960
115,2,マイルド貧困層,3,400万円,4,衣類等,13,婦人用スーツ･ワンピース,5016
116,2,マイルド貧困層,3,400万円,4,衣類等,14,和服（男子用･婦人用）,2448
117,2,マイルド貧困層,3,400万円,4,衣類等,15,腕時計,1680
118,2,マイルド貧困層,3,400万円,4,衣類等,16,装身具（アクセサリー類）,5148
119,2,マイルド貧困層,3,400万円,5,医療,17,出産入院料,3648
120,2,マイルド貧困層,3,400万円,5,医療,18,出産以外の入院料,13788
121,2,マイルド貧困層,3,400万円,5,医療,19,たんす,780
122,2,マイルド貧困層,3,400万円,6,家具等,20,ベッド,1272
123,2,マイルド貧困層,3,400万円,6,家具等,21,布団,3804
124,2,マイルド貧困層,3,400万円,6,家具等,22,机･いす（事務用･学習用）,972
125,2,マイルド貧困層,3,400万円,6,家具等,23,食器戸棚,528
126,2,マイルド貧困層,3,400万円,6,家具等,24,食卓セット,1704
127,2,マイルド貧困層,3,400万円,6,家具等,25,応接セット,1536
128,2,マイルド貧困層,3,400万円,6,家具等,26,楽器（部品を含む）,588
129,2,マイルド貧困層,3,400万円,7,家電等,27,冷蔵庫,7980
130,2,マイルド貧困層,3,400万円,7,家電等,28,掃除機,3120
131,2,マイルド貧困層,3,400万円,7,家電等,29,洗濯機,6024
132,2,マイルド貧困層,3,400万円,7,家電等,30,エアコン,12864
133,2,マイルド貧困層,3,400万円,7,家電等,31,パソコン（ﾀﾌﾞﾚｯﾄ型を含む。周辺機器・ｿﾌﾄは除く）,5916
134,2,マイルド貧困層,3,400万円,7,家電等,32,テレビ,5520
135,2,マイルド貧困層,3,400万円,7,家電等,33,ビデオデッキ,1992
136,2,マイルド貧困層,3,400万円,7,家電等,34,ゲーム機（ソフトは除く）,1428
137,2,マイルド貧困層,3,400万円,7,家電等,35,カメラ（交換ﾚﾝｽﾞのみを含む。使い捨てのｶﾒﾗは除く）,1812
138,2,マイルド貧困層,3,400万円,7,家電等,36,ビデオカメラ,612
139,2,マイルド貧困層,3,400万円,8,住宅関係,37,家屋に関する設備費･工事費･修理費,57156
140,2,マイルド貧困層,3,400万円,8,住宅関係,38,給排水関係工事費,21288
141,2,マイルド貧困層,3,400万円,8,住宅関係,39,庭・植木の手入れ代,1872
142,2,マイルド貧困層,3,400万円,9,自動車等関係,40,自動車（新車）,121488
143,2,マイルド貧困層,3,400万円,9,自動車等関係,41,自動車（中古車）,55032
144,2,マイルド貧困層,3,400万円,9,自動車等関係,42,自動車保険料（自賠責）,9264
145,2,マイルド貧困層,3,400万円,9,自動車等関係,43,自動車保険料（任意）,33360
146,2,マイルド貧困層,3,400万円,9,自動車等関係,44,自動車以外の原動機付輸送機器,3816
147,2,マイルド貧困層,3,400万円,9,自動車等関係,45,自動車整備費,33888
148,2,マイルド貧困層,3,400万円,10,その他,46,挙式･披露宴費用,17964
149,2,マイルド貧困層,3,400万円,10,その他,47,葬儀･法事費用,33552
150,2,マイルド貧困層,3,400万円,10,その他,48,信仰関係費,20448
151,2,マイルド貧困層,3,400万円,10,その他,49,仕送り金,13476
152,2,マイルド貧困層,3,400万円,11,税金,50,納税額,467820
153,4,マイルド貧困層,3,400万円,12,家賃,51,家賃,996000
154,2,マイルド貧困層,4,500万円,1,通信,1,ｽﾏｰﾄﾌｫﾝなどの通信・通話使用料（携帯電話・PHSなどを含む）,178020
155,2,マイルド貧困層,4,500万円,1,通信,2,インターネット接続料,50412
156,2,マイルド貧困層,4,500万円,1,通信,3,ｽﾏｰﾄﾌｫﾝ・携帯電話・PHSの本体価格,15240
157,2,マイルド貧困層,4,500万円,2,旅行関係,4,航空運賃,8208
158,2,マイルド貧困層,4,500万円,2,旅行関係,5,宿泊料,17592
159,2,マイルド貧困層,4,500万円,2,旅行関係,6,パック旅行費（国内）,20568
160,2,マイルド貧困層,4,500万円,2,旅行関係,7,パック旅行費（外国）,11280
161,2,マイルド貧困層,4,500万円,3,教育&教育娯楽,8,私立授業料等（幼稚園～大学、専修学校）,57624
162,2,マイルド貧困層,4,500万円,3,教育&教育娯楽,9,補習教育費,26964
163,2,マイルド貧困層,4,500万円,3,教育&教育娯楽,10,自動車教習料,5856
164,2,マイルド貧困層,4,500万円,3,教育&教育娯楽,11,スポーツ施設使用料,7068
165,2,マイルド貧困層,4,500万円,4,衣類等,12,背広服,4524
166,2,マイルド貧困層,4,500万円,4,衣類等,13,婦人用スーツ･ワンピース,5952
167,2,マイルド貧困層,4,500万円,4,衣類等,14,和服（男子用･婦人用）,1728
168,2,マイルド貧困層,4,500万円,4,衣類等,15,腕時計,1956
169,2,マイルド貧困層,4,500万円,4,衣類等,16,装身具（アクセサリー類）,3756
170,2,マイルド貧困層,4,500万円,5,医療,17,出産入院料,2952
171,2,マイルド貧困層,4,500万円,5,医療,18,出産以外の入院料,17700
172,2,マイルド貧困層,4,500万円,5,医療,19,たんす,996
173,2,マイルド貧困層,4,500万円,6,家具等,20,ベッド,1752
174,2,マイルド貧困層,4,500万円,6,家具等,21,布団,3420
175,2,マイルド貧困層,4,500万円,6,家具等,22,机･いす（事務用･学習用）,1896
176,2,マイルド貧困層,4,500万円,6,家具等,23,食器戸棚,744
177,2,マイルド貧困層,4,500万円,6,家具等,24,食卓セット,1476
178,2,マイルド貧困層,4,500万円,6,家具等,25,応接セット,2052
179,2,マイルド貧困層,4,500万円,6,家具等,26,楽器（部品を含む）,1884
180,2,マイルド貧困層,4,500万円,7,家電等,27,冷蔵庫,6456
181,2,マイルド貧困層,4,500万円,7,家電等,28,掃除機,3408
182,2,マイルド貧困層,4,500万円,7,家電等,29,洗濯機,7392
183,2,マイルド貧困層,4,500万円,7,家電等,30,エアコン,16620
184,2,マイルド貧困層,4,500万円,7,家電等,31,パソコン（ﾀﾌﾞﾚｯﾄ型を含む。周辺機器・ｿﾌﾄは除く）,8652
185,2,マイルド貧困層,4,500万円,7,家電等,32,テレビ,4764
186,2,マイルド貧困層,4,500万円,7,家電等,33,ビデオデッキ,1560
187,2,マイルド貧困層,4,500万円,7,家電等,34,ゲーム機（ソフトは除く）,2028
188,2,マイルド貧困層,4,500万円,7,家電等,35,カメラ（交換ﾚﾝｽﾞのみを含む。使い捨てのｶﾒﾗは除く）,2100
189,2,マイルド貧困層,4,500万円,7,家電等,36,ビデオカメラ,588
190,2,マイルド貧困層,4,500万円,8,住宅関係,37,家屋に関する設備費･工事費･修理費,59904
191,2,マイルド貧困層,4,500万円,8,住宅関係,38,給排水関係工事費,21048
192,2,マイルド貧困層,4,500万円,8,住宅関係,39,庭・植木の手入れ代,2808
193,2,マイルド貧困層,4,500万円,9,自動車等関係,40,自動車（新車）,136716
194,2,マイルド貧困層,4,500万円,9,自動車等関係,41,自動車（中古車）,63012
195,2,マイルド貧困層,4,500万円,9,自動車等関係,42,自動車保険料（自賠責）,9804
196,2,マイルド貧困層,4,500万円,9,自動車等関係,43,自動車保険料（任意）,38064
197,2,マイルド貧困層,4,500万円,9,自動車等関係,44,自動車以外の原動機付輸送機器,1284
198,2,マイルド貧困層,4,500万円,9,自動車等関係,45,自動車整備費,38784
199,2,マイルド貧困層,4,500万円,10,その他,46,挙式･披露宴費用,8556
200,2,マイルド貧困層,4,500万円,10,その他,47,葬儀･法事費用,28908
201,2,マイルド貧困層,4,500万円,10,その他,48,信仰関係費,10008
202,2,マイルド貧困層,4,500万円,10,その他,49,仕送り金,15912
203,2,マイルド貧困層,4,500万円,11,税金,50,納税額,634095
204,2,マイルド貧困層,4,500万円,12,家賃,51,家賃,1248000
205,3,中間層,5,600万円,1,通信,1,ｽﾏｰﾄﾌｫﾝなどの通信・通話使用料（携帯電話・PHSなどを含む）,188220
206,3,中間層,5,600万円,1,通信,2,インターネット接続料,54036
207,3,中間層,5,600万円,1,通信,3,ｽﾏｰﾄﾌｫﾝ・携帯電話・PHSの本体価格,14580
208,3,中間層,5,600万円,2,旅行関係,4,航空運賃,9468
209,3,中間層,5,600万円,2,旅行関係,5,宿泊料,20160
210,3,中間層,5,600万円,2,旅行関係,6,パック旅行費（国内）,18792
211,3,中間層,5,600万円,2,旅行関係,7,パック旅行費（外国）,13464
212,3,中間層,5,600万円,3,教育&教育娯楽,8,私立授業料等（幼稚園～大学、専修学校）,106512
213,3,中間層,5,600万円,3,教育&教育娯楽,9,補習教育費,45252
214,3,中間層,5,600万円,3,教育&教育娯楽,10,自動車教習料,7260
215,3,中間層,5,600万円,3,教育&教育娯楽,11,スポーツ施設使用料,8976
216,3,中間層,5,600万円,4,衣類等,12,背広服,7332
217,3,中間層,5,600万円,4,衣類等,13,婦人用スーツ･ワンピース,6288
218,3,中間層,5,600万円,4,衣類等,14,和服（男子用･婦人用）,2376
219,3,中間層,5,600万円,4,衣類等,15,腕時計,2880
220,3,中間層,5,600万円,4,衣類等,16,装身具（アクセサリー類）,4116
221,3,中間層,5,600万円,5,医療,17,出産入院料,3180
222,3,中間層,5,600万円,5,医療,18,出産以外の入院料,14244
223,3,中間層,5,600万円,5,医療,19,たんす,1116
224,3,中間層,5,600万円,6,家具等,20,ベッド,2424
225,3,中間層,5,600万円,6,家具等,21,布団,4776
226,3,中間層,5,600万円,6,家具等,22,机･いす（事務用･学習用）,1392
227,3,中間層,5,600万円,6,家具等,23,食器戸棚,1008
228,3,中間層,5,600万円,6,家具等,24,食卓セット,1104
229,3,中間層,5,600万円,6,家具等,25,応接セット,1812
230,3,中間層,5,600万円,6,家具等,26,楽器（部品を含む）,1440
231,3,中間層,5,600万円,7,家電等,27,冷蔵庫,10452
232,3,中間層,5,600万円,7,家電等,28,掃除機,4020
233,3,中間層,5,600万円,7,家電等,29,洗濯機,7560
234,3,中間層,5,600万円,7,家電等,30,エアコン,13176
235,3,中間層,5,600万円,7,家電等,31,パソコン（ﾀﾌﾞﾚｯﾄ型を含む。周辺機器・ｿﾌﾄは除く）,7608
236,3,中間層,5,600万円,7,家電等,32,テレビ,5760
237,3,中間層,5,600万円,7,家電等,33,ビデオデッキ,2208
238,3,中間層,5,600万円,7,家電等,34,ゲーム機（ソフトは除く）,2592
239,3,中間層,5,600万円,7,家電等,35,カメラ（交換ﾚﾝｽﾞのみを含む。使い捨てのｶﾒﾗは除く）,2112
240,3,中間層,5,600万円,7,家電等,36,ビデオカメラ,576
241,3,中間層,5,600万円,8,住宅関係,37,家屋に関する設備費･工事費･修理費,67356
242,3,中間層,5,600万円,8,住宅関係,38,給排水関係工事費,17544
243,3,中間層,5,600万円,8,住宅関係,39,庭・植木の手入れ代,1848
244,3,中間層,5,600万円,9,自動車等関係,40,自動車（新車）,178008
245,3,中間層,5,600万円,9,自動車等関係,41,自動車（中古車）,62220
246,3,中間層,5,600万円,9,自動車等関係,42,自動車保険料（自賠責）,10920
247,3,中間層,5,600万円,9,自動車等関係,43,自動車保険料（任意）,38784
248,3,中間層,5,600万円,9,自動車等関係,44,自動車以外の原動機付輸送機器,5508
249,3,中間層,5,600万円,9,自動車等関係,45,自動車整備費,41796
250,3,中間層,5,600万円,10,その他,46,挙式･披露宴費用,12108
251,3,中間層,5,600万円,10,その他,47,葬儀･法事費用,23892
252,3,中間層,5,600万円,10,その他,48,信仰関係費,7920
253,3,中間層,5,600万円,10,その他,49,仕送り金,25848
254,3,中間層,5,600万円,11,税金,50,納税額,824688
255,3,中間層,5,600万円,12,家賃,51,家賃,1500000
256,3,中間層,6,700万円,1,通信,1,ｽﾏｰﾄﾌｫﾝなどの通信・通話使用料（携帯電話・PHSなどを含む）,196812
257,3,中間層,6,700万円,1,通信,2,インターネット接続料,57492
258,3,中間層,6,700万円,1,通信,3,ｽﾏｰﾄﾌｫﾝ・携帯電話・PHSの本体価格,17652
259,3,中間層,6,700万円,2,旅行関係,4,航空運賃,12924
260,3,中間層,6,700万円,2,旅行関係,5,宿泊料,28752
261,3,中間層,6,700万円,2,旅行関係,6,パック旅行費（国内）,30804
262,3,中間層,6,700万円,2,旅行関係,7,パック旅行費（外国）,14724
263,3,中間層,6,700万円,3,教育&教育娯楽,8,私立授業料等（幼稚園～大学、専修学校）,156672
264,3,中間層,6,700万円,3,教育&教育娯楽,9,補習教育費,59700
265,3,中間層,6,700万円,3,教育&教育娯楽,10,自動車教習料,14448
266,3,中間層,6,700万円,3,教育&教育娯楽,11,スポーツ施設使用料,10176
267,3,中間層,6,700万円,4,衣類等,12,背広服,10572
268,3,中間層,6,700万円,4,衣類等,13,婦人用スーツ･ワンピース,7404
269,3,中間層,6,700万円,4,衣類等,14,和服（男子用･婦人用）,4896
270,3,中間層,6,700万円,4,衣類等,15,腕時計,3408
271,3,中間層,6,700万円,4,衣類等,16,装身具（アクセサリー類）,4932
272,3,中間層,6,700万円,5,医療,17,出産入院料,3396
273,3,中間層,6,700万円,5,医療,18,出産以外の入院料,18312
274,3,中間層,6,700万円,5,医療,19,たんす,1392
275,3,中間層,6,700万円,6,家具等,20,ベッド,4380
276,3,中間層,6,700万円,6,家具等,21,布団,4404
277,3,中間層,6,700万円,6,家具等,22,机･いす（事務用･学習用）,2328
278,3,中間層,6,700万円,6,家具等,23,食器戸棚,1284
279,3,中間層,6,700万円,6,家具等,24,食卓セット,2604
280,3,中間層,6,700万円,6,家具等,25,応接セット,2784
281,3,中間層,6,700万円,6,家具等,26,楽器（部品を含む）,4272
282,3,中間層,6,700万円,7,家電等,27,冷蔵庫,8436
283,3,中間層,6,700万円,7,家電等,28,掃除機,4704
284,3,中間層,6,700万円,7,家電等,29,洗濯機,7776
285,3,中間層,6,700万円,7,家電等,30,エアコン,17232
286,3,中間層,6,700万円,7,家電等,31,パソコン（ﾀﾌﾞﾚｯﾄ型を含む。周辺機器・ｿﾌﾄは除く）,11832
287,3,中間層,6,700万円,7,家電等,32,テレビ,8160
288,3,中間層,6,700万円,7,家電等,33,ビデオデッキ,2628
289,3,中間層,6,700万円,7,家電等,34,ゲーム機（ソフトは除く）,3072
290,3,中間層,6,700万円,7,家電等,35,カメラ（交換ﾚﾝｽﾞのみを含む。使い捨てのｶﾒﾗは除く）,3504
291,3,中間層,6,700万円,7,家電等,36,ビデオカメラ,684
292,3,中間層,6,700万円,8,住宅関係,37,家屋に関する設備費･工事費･修理費,78300
293,3,中間層,6,700万円,8,住宅関係,38,給排水関係工事費,17304
294,3,中間層,6,700万円,8,住宅関係,39,庭・植木の手入れ代,4320
295,3,中間層,6,700万円,9,自動車等関係,40,自動車（新車）,216360
296,3,中間層,6,700万円,9,自動車等関係,41,自動車（中古車）,73440
297,3,中間層,6,700万円,9,自動車等関係,42,自動車保険料（自賠責）,10788
298,3,中間層,6,700万円,9,自動車等関係,43,自動車保険料（任意）,41148
299,3,中間層,6,700万円,9,自動車等関係,44,自動車以外の原動機付輸送機器,5328
300,3,中間層,6,700万円,9,自動車等関係,45,自動車整備費,42768
301,3,中間層,6,700万円,10,その他,46,挙式･披露宴費用,15804
302,3,中間層,6,700万円,10,その他,47,葬儀･法事費用,25332
303,3,中間層,6,700万円,10,その他,48,信仰関係費,11688
304,3,中間層,6,700万円,10,その他,49,仕送り金,30612
305,3,中間層,6,700万円,11,税金,50,納税額,1067977
306,3,中間層,6,700万円,12,家賃,51,家賃,1752000
307,3,中間層,7,800万円,1,通信,1,ｽﾏｰﾄﾌｫﾝなどの通信・通話使用料（携帯電話・PHSなどを含む）,210132
308,3,中間層,7,800万円,1,通信,2,インターネット接続料,61080
309,3,中間層,7,800万円,1,通信,3,ｽﾏｰﾄﾌｫﾝ・携帯電話・PHSの本体価格,19668
310,3,中間層,7,800万円,2,旅行関係,4,航空運賃,15804
311,3,中間層,7,800万円,2,旅行関係,5,宿泊料,33228
312,3,中間層,7,800万円,2,旅行関係,6,パック旅行費（国内）,27792
313,3,中間層,7,800万円,2,旅行関係,7,パック旅行費（外国）,18336
314,3,中間層,7,800万円,3,教育&教育娯楽,8,私立授業料等（幼稚園～大学、専修学校）,166200
315,3,中間層,7,800万円,3,教育&教育娯楽,9,補習教育費,72984
316,3,中間層,7,800万円,3,教育&教育娯楽,10,自動車教習料,12672
317,3,中間層,7,800万円,3,教育&教育娯楽,11,スポーツ施設使用料,10884
318,3,中間層,7,800万円,4,衣類等,12,背広服,13140
319,3,中間層,7,800万円,4,衣類等,13,婦人用スーツ･ワンピース,9732
320,3,中間層,7,800万円,4,衣類等,14,和服（男子用･婦人用）,4428
321,3,中間層,7,800万円,4,衣類等,15,腕時計,4668
322,3,中間層,7,800万円,4,衣類等,16,装身具（アクセサリー類）,6528
323,3,中間層,7,800万円,5,医療,17,出産入院料,2340
324,3,中間層,7,800万円,5,医療,18,出産以外の入院料,14244
325,3,中間層,7,800万円,5,医療,19,たんす,1632
326,3,中間層,7,800万円,6,家具等,20,ベッド,4560
327,3,中間層,7,800万円,6,家具等,21,布団,5088
328,3,中間層,7,800万円,6,家具等,22,机･いす（事務用･学習用）,2376
329,3,中間層,7,800万円,6,家具等,23,食器戸棚,1080
330,3,中間層,7,800万円,6,家具等,24,食卓セット,2184
331,3,中間層,7,800万円,6,家具等,25,応接セット,3996
332,3,中間層,7,800万円,6,家具等,26,楽器（部品を含む）,1512
333,3,中間層,7,800万円,7,家電等,27,冷蔵庫,8244
334,3,中間層,7,800万円,7,家電等,28,掃除機,4776
335,3,中間層,7,800万円,7,家電等,29,洗濯機,10680
336,3,中間層,7,800万円,7,家電等,30,エアコン,16656
337,3,中間層,7,800万円,7,家電等,31,パソコン（ﾀﾌﾞﾚｯﾄ型を含む。周辺機器・ｿﾌﾄは除く）,13836
338,3,中間層,7,800万円,7,家電等,32,テレビ,9036
339,3,中間層,7,800万円,7,家電等,33,ビデオデッキ,2952
340,3,中間層,7,800万円,7,家電等,34,ゲーム機（ソフトは除く）,3684
341,3,中間層,7,800万円,7,家電等,35,カメラ（交換ﾚﾝｽﾞのみを含む。使い捨てのｶﾒﾗは除く）,3024
342,3,中間層,7,800万円,7,家電等,36,ビデオカメラ,912
343,3,中間層,7,800万円,8,住宅関係,37,家屋に関する設備費･工事費･修理費,79044
344,3,中間層,7,800万円,8,住宅関係,38,給排水関係工事費,20844
345,3,中間層,7,800万円,8,住宅関係,39,庭・植木の手入れ代,5880
346,3,中間層,7,800万円,9,自動車等関係,40,自動車（新車）,269604
347,3,中間層,7,800万円,9,自動車等関係,41,自動車（中古車）,65040
348,3,中間層,7,800万円,9,自動車等関係,42,自動車保険料（自賠責）,11472
349,3,中間層,7,800万円,9,自動車等関係,43,自動車保険料（任意）,45228
350,3,中間層,7,800万円,9,自動車等関係,44,自動車以外の原動機付輸送機器,2640
351,3,中間層,7,800万円,9,自動車等関係,45,自動車整備費,44664
352,3,中間層,7,800万円,10,その他,46,挙式･披露宴費用,23976
353,3,中間層,7,800万円,10,その他,47,葬儀･法事費用,27984
354,3,中間層,7,800万円,10,その他,48,信仰関係費,9720
355,3,中間層,7,800万円,10,その他,49,仕送り金,37848
356,3,中間層,7,800万円,11,税金,50,納税額,1328545
357,3,中間層,7,800万円,12,家賃,51,家賃,2004000
358,3,中間層,8,900万円,1,通信,1,ｽﾏｰﾄﾌｫﾝなどの通信・通話使用料（携帯電話・PHSなどを含む）,219696
359,3,中間層,8,900万円,1,通信,2,インターネット接続料,60924
360,3,中間層,8,900万円,1,通信,3,ｽﾏｰﾄﾌｫﾝ・携帯電話・PHSの本体価格,19476
361,3,中間層,8,900万円,2,旅行関係,4,航空運賃,19452
362,3,中間層,8,900万円,2,旅行関係,5,宿泊料,32904
363,3,中間層,8,900万円,2,旅行関係,6,パック旅行費（国内）,35088
364,3,中間層,8,900万円,2,旅行関係,7,パック旅行費（外国）,23388
365,3,中間層,8,900万円,3,教育&教育娯楽,8,私立授業料等（幼稚園～大学、専修学校）,199476
366,3,中間層,8,900万円,3,教育&教育娯楽,9,補習教育費,90156
367,3,中間層,8,900万円,3,教育&教育娯楽,10,自動車教習料,12312
368,3,中間層,8,900万円,3,教育&教育娯楽,11,スポーツ施設使用料,14208
369,3,中間層,8,900万円,4,衣類等,12,背広服,15408
370,3,中間層,8,900万円,4,衣類等,13,婦人用スーツ･ワンピース,10308
371,3,中間層,8,900万円,4,衣類等,14,和服（男子用･婦人用）,5400
372,3,中間層,8,900万円,4,衣類等,15,腕時計,8844
373,3,中間層,8,900万円,4,衣類等,16,装身具（アクセサリー類）,8724
374,3,中間層,8,900万円,5,医療,17,出産入院料,2880
375,3,中間層,8,900万円,5,医療,18,出産以外の入院料,13608
376,3,中間層,8,900万円,5,医療,19,たんす,1656
377,3,中間層,8,900万円,6,家具等,20,ベッド,3468
378,3,中間層,8,900万円,6,家具等,21,布団,4848
379,3,中間層,8,900万円,6,家具等,22,机･いす（事務用･学習用）,2820
380,3,中間層,8,900万円,6,家具等,23,食器戸棚,1224
381,3,中間層,8,900万円,6,家具等,24,食卓セット,3180
382,3,中間層,8,900万円,6,家具等,25,応接セット,1884
383,3,中間層,8,900万円,6,家具等,26,楽器（部品を含む）,3192
384,3,中間層,8,900万円,7,家電等,27,冷蔵庫,12468
385,3,中間層,8,900万円,7,家電等,28,掃除機,4536
386,3,中間層,8,900万円,7,家電等,29,洗濯機,9732
387,3,中間層,8,900万円,7,家電等,30,エアコン,17976
388,3,中間層,8,900万円,7,家電等,31,パソコン（ﾀﾌﾞﾚｯﾄ型を含む。周辺機器・ｿﾌﾄは除く）,17412
389,3,中間層,8,900万円,7,家電等,32,テレビ,8496
390,3,中間層,8,900万円,7,家電等,33,ビデオデッキ,2508
391,3,中間層,8,900万円,7,家電等,34,ゲーム機（ソフトは除く）,2928
392,3,中間層,8,900万円,7,家電等,35,カメラ（交換ﾚﾝｽﾞのみを含む。使い捨てのｶﾒﾗは除く）,1344
393,3,中間層,8,900万円,7,家電等,36,ビデオカメラ,564
394,3,中間層,8,900万円,8,住宅関係,37,家屋に関する設備費･工事費･修理費,117108
395,3,中間層,8,900万円,8,住宅関係,38,給排水関係工事費,21516
396,3,中間層,8,900万円,8,住宅関係,39,庭・植木の手入れ代,2808
397,3,中間層,8,900万円,9,自動車等関係,40,自動車（新車）,238200
398,3,中間層,8,900万円,9,自動車等関係,41,自動車（中古車）,56088
399,3,中間層,8,900万円,9,自動車等関係,42,自動車保険料（自賠責）,10200
400,3,中間層,8,900万円,9,自動車等関係,43,自動車保険料（任意）,46812
401,3,中間層,8,900万円,9,自動車等関係,44,自動車以外の原動機付輸送機器,5772
402,3,中間層,8,900万円,9,自動車等関係,45,自動車整備費,44004
403,3,中間層,8,900万円,10,その他,46,挙式･披露宴費用,16152
404,3,中間層,8,900万円,10,その他,47,葬儀･法事費用,30996
405,3,中間層,8,900万円,10,その他,48,信仰関係費,10464
406,3,中間層,8,900万円,10,その他,49,仕送り金,56892
407,3,中間層,8,900万円,11,税金,50,納税額,1589113
408,3,中間層,8,900万円,12,家賃,51,家賃,2256000
409,3,中間層,9,1000万円,1,通信,1,ｽﾏｰﾄﾌｫﾝなどの通信・通話使用料（携帯電話・PHSなどを含む）,221400
410,3,中間層,9,1000万円,1,通信,2,インターネット接続料,62172
411,3,中間層,9,1000万円,1,通信,3,ｽﾏｰﾄﾌｫﾝ・携帯電話・PHSの本体価格,24060
412,3,中間層,9,1000万円,2,旅行関係,4,航空運賃,21624
413,3,中間層,9,1000万円,2,旅行関係,5,宿泊料,43392
414,3,中間層,9,1000万円,2,旅行関係,6,パック旅行費（国内）,35628
415,3,中間層,9,1000万円,2,旅行関係,7,パック旅行費（外国）,28188
416,3,中間層,9,1000万円,3,教育&教育娯楽,8,私立授業料等（幼稚園～大学、専修学校）,252360
417,3,中間層,9,1000万円,3,教育&教育娯楽,9,補習教育費,102768
418,3,中間層,9,1000万円,3,教育&教育娯楽,10,自動車教習料,11376
419,3,中間層,9,1000万円,3,教育&教育娯楽,11,スポーツ施設使用料,14568
420,3,中間層,9,1000万円,4,衣類等,12,背広服,17520
421,3,中間層,9,1000万円,4,衣類等,13,婦人用スーツ･ワンピース,11736
422,3,中間層,9,1000万円,4,衣類等,14,和服（男子用･婦人用）,3336
423,3,中間層,9,1000万円,4,衣類等,15,腕時計,5040
424,3,中間層,9,1000万円,4,衣類等,16,装身具（アクセサリー類）,9468
425,3,中間層,9,1000万円,5,医療,17,出産入院料,1620
426,3,中間層,9,1000万円,5,医療,18,出産以外の入院料,18816
427,3,中間層,9,1000万円,5,医療,19,たんす,2208
428,3,中間層,9,1000万円,6,家具等,20,ベッド,5880
429,3,中間層,9,1000万円,6,家具等,21,布団,5520
430,3,中間層,9,1000万円,6,家具等,22,机･いす（事務用･学習用）,1872
431,3,中間層,9,1000万円,6,家具等,23,食器戸棚,960
432,3,中間層,9,1000万円,6,家具等,24,食卓セット,3456
433,3,中間層,9,1000万円,6,家具等,25,応接セット,1332
434,3,中間層,9,1000万円,6,家具等,26,楽器（部品を含む）,3360
435,3,中間層,9,1000万円,7,家電等,27,冷蔵庫,8580
436,3,中間層,9,1000万円,7,家電等,28,掃除機,5208
437,3,中間層,9,1000万円,7,家電等,29,洗濯機,11976
438,3,中間層,9,1000万円,7,家電等,30,エアコン,20580
439,3,中間層,9,1000万円,7,家電等,31,パソコン（ﾀﾌﾞﾚｯﾄ型を含む。周辺機器・ｿﾌﾄは除く）,15540
440,3,中間層,9,1000万円,7,家電等,32,テレビ,7440
441,3,中間層,9,1000万円,7,家電等,33,ビデオデッキ,3792
442,3,中間層,9,1000万円,7,家電等,34,ゲーム機（ソフトは除く）,3744
443,3,中間層,9,1000万円,7,家電等,35,カメラ（交換ﾚﾝｽﾞのみを含む。使い捨てのｶﾒﾗは除く）,3600
444,3,中間層,9,1000万円,7,家電等,36,ビデオカメラ,588
445,3,中間層,9,1000万円,8,住宅関係,37,家屋に関する設備費･工事費･修理費,98352
446,3,中間層,9,1000万円,8,住宅関係,38,給排水関係工事費,21780
447,3,中間層,9,1000万円,8,住宅関係,39,庭・植木の手入れ代,2496
448,3,中間層,9,1000万円,9,自動車等関係,40,自動車（新車）,321216
449,3,中間層,9,1000万円,9,自動車等関係,41,自動車（中古車）,60276
450,3,中間層,9,1000万円,9,自動車等関係,42,自動車保険料（自賠責）,13308
451,3,中間層,9,1000万円,9,自動車等関係,43,自動車保険料（任意）,46872
452,3,中間層,9,1000万円,9,自動車等関係,44,自動車以外の原動機付輸送機器,2988
453,3,中間層,9,1000万円,9,自動車等関係,45,自動車整備費,57204
454,3,中間層,9,1000万円,10,その他,46,挙式･披露宴費用,20016
455,3,中間層,9,1000万円,10,その他,47,葬儀･法事費用,35220
456,3,中間層,9,1000万円,10,その他,48,信仰関係費,9636
457,3,中間層,9,1000万円,10,その他,49,仕送り金,65820
458,3,中間層,9,1000万円,11,税金,50,納税額,1849681
459,3,中間層,9,1000万円,12,家賃,51,家賃,2496000
460,4,富裕層,10,1250万円,1,通信,1,ｽﾏｰﾄﾌｫﾝなどの通信・通話使用料（携帯電話・PHSなどを含む）,228048
461,4,富裕層,10,1250万円,1,通信,2,インターネット接続料,65376
462,4,富裕層,10,1250万円,1,通信,3,ｽﾏｰﾄﾌｫﾝ・携帯電話・PHSの本体価格,23172
463,4,富裕層,10,1250万円,2,旅行関係,4,航空運賃,35052
464,4,富裕層,10,1250万円,2,旅行関係,5,宿泊料,49116
465,4,富裕層,10,1250万円,2,旅行関係,6,パック旅行費（国内）,41352
466,4,富裕層,10,1250万円,2,旅行関係,7,パック旅行費（外国）,35748
467,4,富裕層,10,1250万円,3,教育&教育娯楽,8,私立授業料等（幼稚園～大学、専修学校）,314832
468,4,富裕層,10,1250万円,3,教育&教育娯楽,9,補習教育費,115032
469,4,富裕層,10,1250万円,3,教育&教育娯楽,10,自動車教習料,15216
470,4,富裕層,10,1250万円,3,教育&教育娯楽,11,スポーツ施設使用料,19428
471,4,富裕層,10,1250万円,4,衣類等,12,背広服,22152
472,4,富裕層,10,1250万円,4,衣類等,13,婦人用スーツ･ワンピース,15000
473,4,富裕層,10,1250万円,4,衣類等,14,和服（男子用･婦人用）,2880
474,4,富裕層,10,1250万円,4,衣類等,15,腕時計,8832
475,4,富裕層,10,1250万円,4,衣類等,16,装身具（アクセサリー類）,10908
476,4,富裕層,10,1250万円,5,医療,17,出産入院料,1944
477,4,富裕層,10,1250万円,5,医療,18,出産以外の入院料,15912
478,4,富裕層,10,1250万円,5,医療,19,たんす,1992
479,4,富裕層,10,1250万円,6,家具等,20,ベッド,5076
480,4,富裕層,10,1250万円,6,家具等,21,布団,5496
481,4,富裕層,10,1250万円,6,家具等,22,机･いす（事務用･学習用）,3360
482,4,富裕層,10,1250万円,6,家具等,23,食器戸棚,912
483,4,富裕層,10,1250万円,6,家具等,24,食卓セット,4848
484,4,富裕層,10,1250万円,6,家具等,25,応接セット,3984
485,4,富裕層,10,1250万円,6,家具等,26,楽器（部品を含む）,2748
486,4,富裕層,10,1250万円,7,家電等,27,冷蔵庫,9204
487,4,富裕層,10,1250万円,7,家電等,28,掃除機,5016
488,4,富裕層,10,1250万円,7,家電等,29,洗濯機,12540
489,4,富裕層,10,1250万円,7,家電等,30,エアコン,18168
490,4,富裕層,10,1250万円,7,家電等,31,パソコン（ﾀﾌﾞﾚｯﾄ型を含む。周辺機器・ｿﾌﾄは除く）,17508
491,4,富裕層,10,1250万円,7,家電等,32,テレビ,10464
492,4,富裕層,10,1250万円,7,家電等,33,ビデオデッキ,3300
493,4,富裕層,10,1250万円,7,家電等,34,ゲーム機（ソフトは除く）,2880
494,4,富裕層,10,1250万円,7,家電等,35,カメラ（交換ﾚﾝｽﾞのみを含む。使い捨てのｶﾒﾗは除く）,4416
495,4,富裕層,10,1250万円,7,家電等,36,ビデオカメラ,900
496,4,富裕層,10,1250万円,8,住宅関係,37,家屋に関する設備費･工事費･修理費,99084
497,4,富裕層,10,1250万円,8,住宅関係,38,給排水関係工事費,27420
498,4,富裕層,10,1250万円,8,住宅関係,39,庭・植木の手入れ代,5616
499,4,富裕層,10,1250万円,9,自動車等関係,40,自動車（新車）,303060
500,4,富裕層,10,1250万円,9,自動車等関係,41,自動車（中古車）,79128
501,4,富裕層,10,1250万円,9,自動車等関係,42,自動車保険料（自賠責）,11520
502,4,富裕層,10,1250万円,9,自動車等関係,43,自動車保険料（任意）,54504
503,4,富裕層,10,1250万円,9,自動車等関係,44,自動車以外の原動機付輸送機器,4068
504,4,富裕層,10,1250万円,9,自動車等関係,45,自動車整備費,49572
505,4,富裕層,10,1250万円,10,その他,46,挙式･披露宴費用,22248
506,4,富裕層,10,1250万円,10,その他,47,葬儀･法事費用,36756
507,4,富裕層,10,1250万円,10,その他,48,信仰関係費,14052
508,4,富裕層,10,1250万円,10,その他,49,仕送り金,82092
509,4,富裕層,10,1250万円,11,税金,50,納税額,2663312
510,4,富裕層,10,1250万円,12,家賃,51,家賃,3120000
511,4,富裕層,11,1500万円,1,通信,1,ｽﾏｰﾄﾌｫﾝなどの通信・通話使用料（携帯電話・PHSなどを含む）,244368
512,4,富裕層,11,1500万円,1,通信,2,インターネット接続料,69660
513,4,富裕層,11,1500万円,1,通信,3,ｽﾏｰﾄﾌｫﾝ・携帯電話・PHSの本体価格,24972
514,4,富裕層,11,1500万円,2,旅行関係,4,航空運賃,41496
515,4,富裕層,11,1500万円,2,旅行関係,5,宿泊料,70776
516,4,富裕層,11,1500万円,2,旅行関係,6,パック旅行費（国内）,52320
517,4,富裕層,11,1500万円,2,旅行関係,7,パック旅行費（外国）,56316
518,4,富裕層,11,1500万円,3,教育&教育娯楽,8,私立授業料等（幼稚園～大学、専修学校）,355572
519,4,富裕層,11,1500万円,3,教育&教育娯楽,9,補習教育費,112284
520,4,富裕層,11,1500万円,3,教育&教育娯楽,10,自動車教習料,11616
521,4,富裕層,11,1500万円,3,教育&教育娯楽,11,スポーツ施設使用料,25248
522,4,富裕層,11,1500万円,4,衣類等,12,背広服,27288
523,4,富裕層,11,1500万円,4,衣類等,13,婦人用スーツ･ワンピース,20304
524,4,富裕層,11,1500万円,4,衣類等,14,和服（男子用･婦人用）,9132
525,4,富裕層,11,1500万円,4,衣類等,15,腕時計,18840
526,4,富裕層,11,1500万円,4,衣類等,16,装身具（アクセサリー類）,14112
527,4,富裕層,11,1500万円,5,医療,17,出産入院料,1380
528,4,富裕層,11,1500万円,5,医療,18,出産以外の入院料,21900
529,4,富裕層,11,1500万円,5,医療,19,たんす,1344
530,4,富裕層,11,1500万円,6,家具等,20,ベッド,5640
531,4,富裕層,11,1500万円,6,家具等,21,布団,7860
532,4,富裕層,11,1500万円,6,家具等,22,机･いす（事務用･学習用）,2976
533,4,富裕層,11,1500万円,6,家具等,23,食器戸棚,3636
534,4,富裕層,11,1500万円,6,家具等,24,食卓セット,3792
535,4,富裕層,11,1500万円,6,家具等,25,応接セット,9684
536,4,富裕層,11,1500万円,6,家具等,26,楽器（部品を含む）,4200
537,4,富裕層,11,1500万円,7,家電等,27,冷蔵庫,12744
538,4,富裕層,11,1500万円,7,家電等,28,掃除機,7908
539,4,富裕層,11,1500万円,7,家電等,29,洗濯機,14256
540,4,富裕層,11,1500万円,7,家電等,30,エアコン,27780
541,4,富裕層,11,1500万円,7,家電等,31,パソコン（ﾀﾌﾞﾚｯﾄ型を含む。周辺機器・ｿﾌﾄは除く）,28368
542,4,富裕層,11,1500万円,7,家電等,32,テレビ,10704
543,4,富裕層,11,1500万円,7,家電等,33,ビデオデッキ,4092
544,4,富裕層,11,1500万円,7,家電等,34,ゲーム機（ソフトは除く）,2832
545,4,富裕層,11,1500万円,7,家電等,35,カメラ（交換ﾚﾝｽﾞのみを含む。使い捨てのｶﾒﾗは除く）,5160
546,4,富裕層,11,1500万円,7,家電等,36,ビデオカメラ,672
547,4,富裕層,11,1500万円,8,住宅関係,37,家屋に関する設備費･工事費･修理費,136464
548,4,富裕層,11,1500万円,8,住宅関係,38,給排水関係工事費,15252
549,4,富裕層,11,1500万円,8,住宅関係,39,庭・植木の手入れ代,5340
550,4,富裕層,11,1500万円,9,自動車等関係,40,自動車（新車）,354552
551,4,富裕層,11,1500万円,9,自動車等関係,41,自動車（中古車）,78960
552,4,富裕層,11,1500万円,9,自動車等関係,42,自動車保険料（自賠責）,12732
553,4,富裕層,11,1500万円,9,自動車等関係,43,自動車保険料（任意）,58884
554,4,富裕層,11,1500万円,9,自動車等関係,44,自動車以外の原動機付輸送機器,12576
555,4,富裕層,11,1500万円,9,自動車等関係,45,自動車整備費,56784
556,4,富裕層,11,1500万円,10,その他,46,挙式･披露宴費用,34068
557,4,富裕層,11,1500万円,10,その他,47,葬儀･法事費用,22392
558,4,富裕層,11,1500万円,10,その他,48,信仰関係費,8808
559,4,富裕層,11,1500万円,10,その他,49,仕送り金,90636
560,4,富裕層,11,1500万円,11,税金,50,納税額,3735552
561,4,富裕層,11,1500万円,12,家賃,51,家賃,3756000
562,4,富裕層,12,2000万円,1,通信,1,ｽﾏｰﾄﾌｫﾝなどの通信・通話使用料（携帯電話・PHSなどを含む）,251952
563,4,富裕層,12,2000万円,1,通信,2,インターネット接続料,69588
564,4,富裕層,12,2000万円,1,通信,3,ｽﾏｰﾄﾌｫﾝ・携帯電話・PHSの本体価格,38208
565,4,富裕層,12,2000万円,2,旅行関係,4,航空運賃,69768
566,4,富裕層,12,2000万円,2,旅行関係,5,宿泊料,92172
567,4,富裕層,12,2000万円,2,旅行関係,6,パック旅行費（国内）,75288
568,4,富裕層,12,2000万円,2,旅行関係,7,パック旅行費（外国）,81672
569,4,富裕層,12,2000万円,3,教育&教育娯楽,8,私立授業料等（幼稚園～大学、専修学校）,431928
570,4,富裕層,12,2000万円,3,教育&教育娯楽,9,補習教育費,142164
571,4,富裕層,12,2000万円,3,教育&教育娯楽,10,自動車教習料,20928
572,4,富裕層,12,2000万円,3,教育&教育娯楽,11,スポーツ施設使用料,41556
573,4,富裕層,12,2000万円,4,衣類等,12,背広服,31980
574,4,富裕層,12,2000万円,4,衣類等,13,婦人用スーツ･ワンピース,26904
575,4,富裕層,12,2000万円,4,衣類等,14,和服（男子用･婦人用）,6684
576,4,富裕層,12,2000万円,4,衣類等,15,腕時計,15552
577,4,富裕層,12,2000万円,4,衣類等,16,装身具（アクセサリー類）,27660
578,4,富裕層,12,2000万円,5,医療,17,出産入院料,5652
579,4,富裕層,12,2000万円,5,医療,18,出産以外の入院料,44940
580,4,富裕層,12,2000万円,5,医療,19,たんす,2028
581,4,富裕層,12,2000万円,6,家具等,20,ベッド,5544
582,4,富裕層,12,2000万円,6,家具等,21,布団,11400
583,4,富裕層,12,2000万円,6,家具等,22,机･いす（事務用･学習用）,1248
584,4,富裕層,12,2000万円,6,家具等,23,食器戸棚,1572
585,4,富裕層,12,2000万円,6,家具等,24,食卓セット,2436
586,4,富裕層,12,2000万円,6,家具等,25,応接セット,3612
587,4,富裕層,12,2000万円,6,家具等,26,楽器（部品を含む）,4080
588,4,富裕層,12,2000万円,7,家電等,27,冷蔵庫,11136
589,4,富裕層,12,2000万円,7,家電等,28,掃除機,7620
590,4,富裕層,12,2000万円,7,家電等,29,洗濯機,15696
591,4,富裕層,12,2000万円,7,家電等,30,エアコン,24168
592,4,富裕層,12,2000万円,7,家電等,31,パソコン（ﾀﾌﾞﾚｯﾄ型を含む。周辺機器・ｿﾌﾄは除く）,22476
593,4,富裕層,12,2000万円,7,家電等,32,テレビ,5856
594,4,富裕層,12,2000万円,7,家電等,33,ビデオデッキ,5364
595,4,富裕層,12,2000万円,7,家電等,34,ゲーム機（ソフトは除く）,3096
596,4,富裕層,12,2000万円,7,家電等,35,カメラ（交換ﾚﾝｽﾞのみを含む。使い捨てのｶﾒﾗは除く）,7056
597,4,富裕層,12,2000万円,7,家電等,36,ビデオカメラ,1356
598,4,富裕層,12,2000万円,8,住宅関係,37,家屋に関する設備費･工事費･修理費,138552
599,4,富裕層,12,2000万円,8,住宅関係,38,給排水関係工事費,70776
600,4,富裕層,12,2000万円,8,住宅関係,39,庭・植木の手入れ代,10044
601,4,富裕層,12,2000万円,9,自動車等関係,40,自動車（新車）,486120
602,4,富裕層,12,2000万円,9,自動車等関係,41,自動車（中古車）,35856
603,4,富裕層,12,2000万円,9,自動車等関係,42,自動車保険料（自賠責）,11436
604,4,富裕層,12,2000万円,9,自動車等関係,43,自動車保険料（任意）,53736
605,4,富裕層,12,2000万円,9,自動車等関係,44,自動車以外の原動機付輸送機器,216
606,4,富裕層,12,2000万円,9,自動車等関係,45,自動車整備費,63960
607,4,富裕層,12,2000万円,10,その他,46,挙式･披露宴費用,8844
608,4,富裕層,12,2000万円,10,その他,47,葬儀･法事費用,55872
609,4,富裕層,12,2000万円,10,その他,48,信仰関係費,5940
610,4,富裕層,12,2000万円,10,その他,49,仕送り金,124560
611,4,富裕層,12,2000万円,11,税金,50,納税額,5896352
612,4,富裕層,12,2000万円,12,家賃,51,家賃,5004000
613,4,富裕層,13,2000万円以上,1,通信,1,ｽﾏｰﾄﾌｫﾝなどの通信・通話使用料（携帯電話・PHSなどを含む）,248244
614,4,富裕層,13,2000万円以上,1,通信,2,インターネット接続料,71736
615,4,富裕層,13,2000万円以上,1,通信,3,ｽﾏｰﾄﾌｫﾝ・携帯電話・PHSの本体価格,32340
616,4,富裕層,13,2000万円以上,2,旅行関係,4,航空運賃,115500
617,4,富裕層,13,2000万円以上,2,旅行関係,5,宿泊料,187644
618,4,富裕層,13,2000万円以上,2,旅行関係,6,パック旅行費（国内）,51456
619,4,富裕層,13,2000万円以上,2,旅行関係,7,パック旅行費（外国）,127416
620,4,富裕層,13,2000万円以上,3,教育&教育娯楽,8,私立授業料等（幼稚園～大学、専修学校）,428628
621,4,富裕層,13,2000万円以上,3,教育&教育娯楽,9,補習教育費,205020
622,4,富裕層,13,2000万円以上,3,教育&教育娯楽,10,自動車教習料,16080
623,4,富裕層,13,2000万円以上,3,教育&教育娯楽,11,スポーツ施設使用料,67416
624,4,富裕層,13,2000万円以上,4,衣類等,12,背広服,34980
625,4,富裕層,13,2000万円以上,4,衣類等,13,婦人用スーツ･ワンピース,27060
626,4,富裕層,13,2000万円以上,4,衣類等,14,和服（男子用･婦人用）,7488
627,4,富裕層,13,2000万円以上,4,衣類等,15,腕時計,12588
628,4,富裕層,13,2000万円以上,4,衣類等,16,装身具（アクセサリー類）,20256
629,4,富裕層,13,2000万円以上,5,医療,17,出産入院料,5352
630,4,富裕層,13,2000万円以上,5,医療,18,出産以外の入院料,27384
631,4,富裕層,13,2000万円以上,5,医療,19,たんす,3600
632,4,富裕層,13,2000万円以上,6,家具等,20,ベッド,9264
633,4,富裕層,13,2000万円以上,6,家具等,21,布団,6096
634,4,富裕層,13,2000万円以上,6,家具等,22,机･いす（事務用･学習用）,3372
635,4,富裕層,13,2000万円以上,6,家具等,23,食器戸棚,18912
636,4,富裕層,13,2000万円以上,6,家具等,24,食卓セット,612
637,4,富裕層,13,2000万円以上,6,家具等,25,応接セット,8724
638,4,富裕層,13,2000万円以上,6,家具等,26,楽器（部品を含む）,4968
639,4,富裕層,13,2000万円以上,7,家電等,27,冷蔵庫,12648
640,4,富裕層,13,2000万円以上,7,家電等,28,掃除機,6876
641,4,富裕層,13,2000万円以上,7,家電等,29,洗濯機,10428
642,4,富裕層,13,2000万円以上,7,家電等,30,エアコン,21684
643,4,富裕層,13,2000万円以上,7,家電等,31,パソコン（ﾀﾌﾞﾚｯﾄ型を含む。周辺機器・ｿﾌﾄは除く）,49260
644,4,富裕層,13,2000万円以上,7,家電等,32,テレビ,11112
645,4,富裕層,13,2000万円以上,7,家電等,33,ビデオデッキ,6660
646,4,富裕層,13,2000万円以上,7,家電等,34,ゲーム機（ソフトは除く）,2796
647,4,富裕層,13,2000万円以上,7,家電等,35,カメラ（交換ﾚﾝｽﾞのみを含む。使い捨てのｶﾒﾗは除く）,6720
648,4,富裕層,13,2000万円以上,7,家電等,36,ビデオカメラ,1560
649,4,富裕層,13,2000万円以上,8,住宅関係,37,家屋に関する設備費･工事費･修理費,490416
650,4,富裕層,13,2000万円以上,8,住宅関係,38,給排水関係工事費,136140
651,4,富裕層,13,2000万円以上,8,住宅関係,39,庭・植木の手入れ代,18996
652,4,富裕層,13,2000万円以上,9,自動車等関係,40,自動車（新車）,473376
653,4,富裕層,13,2000万円以上,9,自動車等関係,41,自動車（中古車）,26436
654,4,富裕層,13,2000万円以上,9,自動車等関係,42,自動車保険料（自賠責）,16416
655,4,富裕層,13,2000万円以上,9,自動車等関係,43,自動車保険料（任意）,59844
656,4,富裕層,13,2000万円以上,9,自動車等関係,44,自動車以外の原動機付輸送機器,4332
657,4,富裕層,13,2000万円以上,9,自動車等関係,45,自動車整備費,77724
658,4,富裕層,13,2000万円以上,10,その他,46,挙式･披露宴費用,14136
659,4,富裕層,13,2000万円以上,10,その他,47,葬儀･法事費用,36396
660,4,富裕層,13,2000万円以上,10,その他,48,信仰関係費,16884
661,4,富裕層,13,2000万円以上,10,その他,49,仕送り金,129732
662,4,富裕層,13,2000万円以上,11,税金,50,納税額,10724640
663,4,富裕層,13,2000万円以上,12,家賃,51,家賃,5004000